gisco_id,nuts_3,area,area_share
LI_LI00001001,LI000,16733090.720122013,1
LI_LI00001002,LI000,26065435.29915489,1
LI_LI00001003,LI000,19640318.25942503,1
LI_LI00001004,LI000,29741234.223361187,1
LI_LI00001005,LI000,27005524.010287482,1
LI_LI00001006,LI000,4917471.880579285,1
LI_LI00002001,LI000,10306529.37048757,1
LI_LI00002002,LI000,7470085.67067648,1
LI_LI00002003,LI000,6279001.238991986,1
LI_LI00002004,LI000,7295933.077296987,1
LI_LI00002005,LI000,3573107.8967171125,1
